JobID,Offset,Period,Overhead,ExecutionTime,DeadLine,processorId,coreRequire
0,0,1000,0,5,1000,0,1
1,0,2000,0,32,2000,0,1
2,0,10000,0,515,10000,0,1
3,0,1000,0,102,1000,1,1
4,0,10000,0,478,10000,1,1
5,0,10000,0,504,10000,0,1
6,0,10000,0,412,10000,1,1
7,0,2000,0,258,2000,0,1
8,0,10000,0,260,10000,1,1
9,0,10000,0,396,10000,0,1
10,0,1000,0,1,1000,0,1
11,0,1000,0,130,1000,0,1
12,0,1000,0,12,1000,0,1
13,0,2000,0,69,2000,0,1
14,0,1000,0,29,1000,0,1
15,0,10000,0,147,10000,0,1
16,0,2000,0,79,2000,0,1
17,0,1000,0,26,1000,0,1
18,0,1000,0,13,1000,1,1
19,0,1000,0,18,1000,0,1
20,0,5000,0,66,5000,0,1
21,0,2000,0,65,2000,0,1
22,0,10000,0,187,10000,0,1
23,0,2000,0,87,2000,0,1
24,0,1000,0,7,1000,1,1
25,0,2000,0,19,2000,0,1
26,0,10000,0,82,10000,1,1
27,0,10000,0,32,10000,0,1
28,0,1000,0,17,1000,0,1
29,0,2000,0,937,2000,1,1
*2,1
*3,1
*3,2
*4,0
*5,0
*5,1
*6,1
*7,0
*7,2
*7,6
*8,0
*8,1
*8,2
*8,4
*8,7
*9,0
*9,3
*9,4
*9,6
*10,1
*10,2
*10,3
*10,4
*10,5
*10,7
*10,9
*11,2
*11,3
*11,6
*11,7
*11,9
*12,1
*12,3
*12,6
*12,8
*12,9
*13,3
*13,6
*13,10
*14,2
*14,3
*14,5
*14,6
*14,11
*15,1
*15,3
*15,8
*15,10
*15,13
*15,14
*16,1
*16,2
*16,3
*16,6
*17,2
*17,5
*17,10
*17,11
*17,12
*17,13
*17,15
*17,16
*18,3
*18,8
*18,14
*18,16
*19,0
*19,1
*19,2
*19,3
*19,5
*19,7
*19,8
*19,9
*19,10
*19,11
*19,14
*19,17
*20,6
*20,17
*21,0
*21,1
*21,4
*21,5
*21,11
*21,14
*21,16
*21,17
*21,20
*22,1
*22,4
*22,5
*22,7
*22,8
*22,10
*22,12
*23,0
*23,1
*23,3
*23,6
*23,9
*23,11
*23,12
*23,15
*23,17
*23,18
*23,20
*24,5
*24,8
*24,15
*24,16
*24,18
*24,19
*24,20
*24,21
*25,2
*25,5
*25,6
*25,7
*25,9
*25,13
*25,14
*25,22
*25,23
*26,3
*26,4
*26,7
*26,8
*26,9
*26,11
*26,12
*26,13
*26,16
*26,21
*26,25
*27,4
*27,5
*27,6
*27,9
*27,10
*27,12
*27,15
*27,18
*27,19
*27,20
*27,21
*27,23
*27,26
*28,1
*28,3
*28,5
*28,7
*28,8
*28,11
*28,17
*28,18
*28,19
*28,20
*28,22
*28,23
*29,0
*29,1
*29,2
*29,6
*29,8
*29,10
*29,14
*29,16
*29,22
*29,23
*29,25
*29,27
*29,28
@SF_Bound:28414
@RTDA_Bound:47251
